25621, Gitwe, Emergency
25622, Kaduha, Resupply
25623, Mugonero, Emergency
25624, Murunda, Resupply
25625, Gakoma, Resupply
25626, Byumba, Emergency
25627, Gakoma, Emergency
25628, Kigeme, Resupply
25629, Kibilizi, Resupply
25630, Kabaya, Resupply
25631, Shyira, Resupply
25632, Gitwe, Resupply
25633, Bigogwe, Resupply
25634, Ruli, Resupply
25635, Kabaya, Resupply
25636, Mugonero, Resupply
25637, Byumba, Resupply
25638, Kabgayi, Emergency
25639, Nyanza, Resupply
25640, Nyanza, Resupply
25641, Kibilizi, Resupply
25642, Ruli, Emergency
25643, Murunda, Resupply
25644, Gakoma, Resupply
25645, Butaro, Resupply
25646, Kigeme, Emergency
25647, Gakoma, Resupply
25648, Kinihira, Resupply
25649, Muhororo, Emergency
25650, Gitwe, Emergency
25651, Ruhango, Resupply
25652, Gitwe, Resupply